bill_num||congress||title||date_intro||area||enacted||vetoed
s102||116||Prescription Drug Price Relief Act of 2019||2019-01-10||Health||No||No
s1||116||Strengthening America's Security in the Middle East Act of 2019||2019-01-03||International Affairs||No||No
hjres100||116||Providing for congressional disapproval of the proposed foreign military sale to the United Arab Emirates of certain defense articles and services.||2020-11-19||International Affairs||No||No
hjres111||115||Providing for congressional disapproval under chapter 8 of title 5, United States Code, of the rule submitted by Bureau of Consumer Financial Protection relating to "Arbitration Agreements".||2017-07-20||Finance and Financial Sector||Yes||No
