bill_num||congress||subject
hjres111||115||Administrative law and regulatory procedures
s102||116||Administrative remedies
s1||116||Afghanistan
hjres111||115||Alternative dispute resolution, mediation, arbitration
s1||116||Arms control and nonproliferation
s1||116||Asia
s102||116||Asia
s1||116||Aviation and airports
s1||116||Banking and financial institutions regulation
hjres111||115||Business records
s102||116||Business records
s102||116||Canada
s1||116||Chemical and biological weapons
s102||116||Civil actions and liability
s102||116||Competition and antitrust
s1||116||Conflicts and wars
hjres111||115||Congressional oversight
s1||116||Congressional oversight
hjres111||115||Consumer credit
hjres111||115||Consumer Financial Protection Bureau
s1||116||Crime victims
s1||116||Criminal investigation, prosecution, interrogation
s102||116||Department of Health and Human Services
s1||116||Detention of persons
s102||116||Drug safety, medical device, and laboratory regulation
s1||116||Employee benefits and pensions
s1||116||Energy storage, supplies, demand
s102||116||Europe
hjres111||115||Financial services and investments
s1||116||Financial services and investments
s1||116||Foreign aid and international relief
s1||116||Foreign and international banking
s1||116||Foreign property
s102||116||France
s1||116||Fraud offenses and financial crimes
s102||116||Germany
hjres111||115||Government information and archives
s102||116||Government information and archives
s1||116||Government lending and loan guarantees
s1||116||Government studies and investigations
s102||116||Government studies and investigations
s102||116||Health care costs and insurance
s1||116||Health facilities and institutions
s102||116||Health information and medical records
s1||116||Human rights
s102||116||Inflation and prices
s102||116||Intellectual property
s1||116||Intelligence activities, surveillance, classified information
s1||116||International law and treaties
s1||116||International organizations and cooperation
s1||116||Iran
s1||116||Israel
s102||116||Japan
s1||116||Jordan
s1||116||Lebanon
s1||116||Licensing and registrations
s102||116||Licensing and registrations
s102||116||Manufacturing
s102||116||Marketing and advertising
s102||116||Medical research
s1||116||Middle East
s1||116||Military assistance, sales, and agreements
s1||116||Military operations and strategy
s1||116||Military procurement, research, weapons development
s1||116||Nuclear weapons
s1||116||Oil and gas
s102||116||Prescription drugs
s1||116||Presidents and presidential powers, Vice Presidents
s1||116||Reconstruction and stabilization
s1||116||Refugees, asylum, displaced persons
s102||116||Research and development
s1||116||Rule of law and government transparency
s1||116||Russia
s1||116||Sanctions
s1||116||Space flight and exploration
s1||116||State and local finance
s1||116||State and local government operations
s1||116||Syria
s1||116||Technology transfer and commercialization
s1||116||Terrorism
s1||116||Trade restrictions
s102||116||United Kingdom
s1||116||United Nations
s1||116||Visas and passports
s1||116||War and emergency powers
s1||116||War crimes, genocide, crimes against humanity
hjres100||116||Congressional oversight
hjres100||116||Foreign aid and international relief
hjres100||116||Middle East
hjres100||116||Military assistance, sales, and agreements
hjres100||116||Trade restrictions
hjres100||116||United Arab Emirates