member_id||firstName||middleName||lastName||birthday||gender
S000033||Bernard||(null)||Sanders||1941-09-08||M
M000355||Mitch||(null)||McConnell||1942-02-20||M
D000620||John||(null)||Delaney||1963-04-16||M
O000172||Alexandria||(null)||Ocasio-Cortez||1989-10-13||F
W000817||Elizabeth||(null)||Warren||1949-06-22||F
R000570||Paul||D.||Ryan||1970-01-29||M
C001109||Liz||(null)||Cheney||1966-07-28||F
C001035||Susan||(null)||Collins||1952-12-07||F
G000359||Lindsey||(null)||Graham||1955-07-09||M
H001075||Kamala||(null)||Harris||1964-10-20||F
R000595||Marco||(null)||Rubio||1971-05-28||M
C001072||AndrÃ©||(null)||Carson||1974-10-16||M
O000173||Ilhan||(null)||Omar||1981-10-04||F
R000598||Keith||(null)||Rothfus||1962-04-25||M
