member_id||congress||chamber||party||state||district
S000033||115||senate||ID||VT||(null)
S000033||116||senate||ID||VT||(null)
M000355||115||senate||R||KY||(null)
M000355||116||senate||R||KY||(null)
D000620||115||house||D||MD||6
O000172||116||house||D||NY||14
W000817||115||senate||D||MA||(null)
W000817||116||senate||D||MA||(null)
R000570||115||house||R||WI||1
C001109||115||house||R||WY||At-Large
C001109||116||house||R||WY||At-Large
C001035||115||senate||R||ME||(null)
C001035||116||senate||R||ME||(null)
G000359||115||senate||R||SC||(null)
G000359||116||senate||R||SC||(null)
H001075||115||senate||D||CA||(null)
H001075||116||senate||D||CA||(null)
R000595||115||senate||R||FL||(null)
R000595||116||senate||R||FL||(null)
O000173||116||house||D||MN||5
C001072||115||house||D||IN||7
C001072||116||house||D||IN||7
R000598||115||house||R||PA||12
