member_id||bill_num||congress||position
C001035||hjres111||115||Yes
C001035||s1||116||Yes
C001072||hjres111||115||No
C001109||hjres111||115||Yes
D000620||hjres111||115||No
G000359||hjres111||115||No
G000359||s1||116||Yes
H001075||hjres111||115||No
H001075||s1||116||No
M000355||hjres111||115||Yes
M000355||s1||116||Yes
R000570||hjres111||115||Speaker
R000595||hjres111||115||Yes
R000595||s1||116||Yes
R000598||hjres111||115||Yes
S000033||hjres111||115||No
S000033||s1||116||No
W000817||hjres111||115||No
W000817||s1||116||No
